{"stats":{"minecraft:mined":{"minecraft:crafting_table":1,"minecraft:grass":3,"minecraft:grass_block":3,"minecraft:oak_log":13,"minecraft:melon":1,"minecraft:jungle_log":3,"minecraft:stripped_oak_log":1,"minecraft:stone":12,"minecraft:oak_leaves":5,"minecraft:fern":1},"minecraft:picked_up":{"minecraft:stripped_oak_log":1,"minecraft:crafting_table":1,"minecraft:chicken":1,"minecraft:jungle_log":3,"minecraft:oak_log":13,"minecraft:dirt":3,"minecraft:oak_sapling":1,"minecraft:melon_slice":7,"minecraft:cobblestone":12},"minecraft:dropped":{"realisticforging:two_sticks":1},"minecraft:used":{"minecraft:wooden_axe":11,"minecraft:wooden_pickaxe":12,"minecraft:stone_axe":6,"minecraft:dirt":3,"minecraft:crafting_table":2,"minecraft:oak_sapling":1,"minecraft:furnace":1},"minecraft:custom":{"minecraft:time_since_rest":25478,"minecraft:sprint_one_cm":7524,"minecraft:interact_with_furnace":2,"minecraft:damage_taken":90,"minecraft:walk_one_cm":22759,"minecraft:mob_kills":2,"minecraft:drop":1,"minecraft:damage_dealt":71,"minecraft:swim_one_cm":434,"minecraft:interact_with_crafting_table":7,"minecraft:fly_one_cm":8276,"minecraft:crouch_one_cm":403,"minecraft:play_time":25478,"minecraft:sneak_time":244,"minecraft:walk_under_water_one_cm":1218,"minecraft:jump":161,"minecraft:walk_on_water_one_cm":240,"minecraft:time_since_death":25478,"minecraft:climb_one_cm":2645,"minecraft:total_world_time":25478,"minecraft:fall_one_cm":4164},"minecraft:killed":{"minecraft:chicken":1,"minecraft:salmon":1},"minecraft:crafted":{"minecraft:oak_planks":56,"minecraft:crafting_table":1,"realisticforging:two_sticks":2,"minecraft:stick":12,"minecraft:wooden_pickaxe":1,"minecraft:wooden_axe":1,"minecraft:furnace":1,"minecraft:stone_axe":1,"minecraft:jungle_planks":12}},"DataVersion":3465}