{"stats":{"minecraft:mined":{"minecraft:grass":2,"minecraft:grass_block":1,"minecraft:oak_log":6,"minecraft:jungle_log":1,"minecraft:oak_leaves":5},"minecraft:picked_up":{"minecraft:jungle_log":1,"minecraft:oak_log":6,"minecraft:oak_sapling":1,"minecraft:dirt":1},"minecraft:used":{"minecraft:dirt":1,"minecraft:crafting_table":1,"minecraft:oak_sapling":1},"minecraft:custom":{"minecraft:time_since_rest":13478,"minecraft:crouch_one_cm":403,"minecraft:play_time":13478,"minecraft:sprint_one_cm":1733,"minecraft:damage_taken":20,"minecraft:walk_one_cm":6873,"minecraft:sneak_time":244,"minecraft:jump":53,"minecraft:damage_dealt":0,"minecraft:time_since_death":13478,"minecraft:total_world_time":13478,"minecraft:climb_one_cm":466,"minecraft:interact_with_crafting_table":2,"minecraft:fall_one_cm":1028,"minecraft:fly_one_cm":1971},"minecraft:crafted":{"minecraft:oak_planks":24,"minecraft:crafting_table":1,"realisticforging:two_sticks":1,"minecraft:stick":12,"minecraft:jungle_planks":4}},"DataVersion":3465}