{"stats":{"minecraft:mined":{"minecraft:iron_ore":1,"minecraft:crafting_table":1,"minecraft:grass":4,"minecraft:oak_log":9,"minecraft:grass_block":5,"minecraft:coal_ore":6,"minecraft:vine":1,"minecraft:jungle_log":20,"minecraft:dirt":12,"minecraft:stone":22,"minecraft:oak_leaves":6},"minecraft:picked_up":{"minecraft:stick":2,"minecraft:crafting_table":1,"minecraft:jungle_log":20,"minecraft:oak_log":11,"minecraft:dirt":17,"minecraft:wheat_seeds":1,"realisticforging:raw_iron_ore":3,"minecraft:oak_sapling":1,"minecraft:coal":7,"minecraft:cobblestone":22},"minecraft:dropped":{"minecraft:dirt":16,"minecraft:wheat_seeds":1,"minecraft:oak_log":2,"minecraft:wooden_axe":1,"minecraft:oak_sapling":1,"minecraft:wooden_pickaxe":1,"minecraft:coal":1},"minecraft:used":{"minecraft:wooden_axe":5,"minecraft:stone_pickaxe":22,"minecraft:wooden_pickaxe":8,"minecraft:stone_axe":23,"minecraft:dirt":1,"minecraft:crafting_table":1},"minecraft:custom":{"minecraft:time_since_rest":35330,"minecraft:sprint_one_cm":2974,"minecraft:damage_taken":10,"minecraft:walk_one_cm":14595,"minecraft:drop":7,"minecraft:interact_with_crafting_table":3,"minecraft:fly_one_cm":3533,"minecraft:crouch_one_cm":27,"minecraft:play_time":35330,"minecraft:sneak_time":80,"minecraft:jump":79,"minecraft:leave_game":3,"minecraft:time_since_death":35330,"minecraft:climb_one_cm":667,"minecraft:total_world_time":35330,"minecraft:fall_one_cm":627},"minecraft:crafted":{"minecraft:oak_planks":36,"minecraft:crafting_table":1,"minecraft:stick":8,"minecraft:wooden_pickaxe":1,"minecraft:stone_pickaxe":1,"minecraft:wooden_axe":1,"minecraft:stone_axe":1}},"DataVersion":3465}